Date,  USD/RMB Exchange Rate,  DXY Index,  CFETS Index
1/2/2014,6.0506,91.184,118.0685
1/3/2014,6.0515,91.2587,118.0169
1/6/2014,6.0526,91.3031,118.1971
1/7/2014,6.0512,91.6157,118.1252
1/8/2014,6.0512,91.8845,118.3461
1/9/2014,6.055,91.9804,118.3572
1/10/2014,6.0521,91.8123,118.3782
1/13/2014,6.0434,91.6758,117.9972
1/14/2014,6.0412,91.7782,118.1102
1/15/2014,6.046,92.1425,118.4741
1/16/2014,6.0557,92.18,118.5293
1/17/2014,6.0502,92.3456,118.5163
1/20/2014,6.0527,90.6829,118.5921
1/21/2014,6.0505,92.3097,118.804
1/22/2014,6.0513,92.5574,118.6355
1/23/2014,6.0517,92.223,118.5769
1/24/2014,6.0488,91.9779,118.3902
1/27/2014,6.048,91.9849,118.3234
1/28/2014,6.0508,92.2263,118.3255
1/29/2014,6.0553,92.1499,118.3194
1/30/2014,6.06,92.6682,118.2981
2/7/2014,6.0634,92.0125,118.048
2/10/2014,6.0593,91.9791,118.0803
2/11/2014,6.0606,91.8843,117.9657
2/12/2014,6.0624,91.8988,117.9995
2/13/2014,6.0636,89.9431,117.9595
2/14/2014,6.0668,91.4227,117.6812
2/17/2014,6.0641,89.777,117.6971
2/18/2014,6.0673,91.2417,117.7176
2/19/2014,6.0764,91.4528,117.4389
2/20/2014,6.0834,91.8705,117.3964
2/21/2014,6.0914,90.2432,117.4269
2/24/2014,6.0984,91.5944,117.1768
2/25/2014,6.1266,91.5872,116.6055
2/26/2014,6.1248,91.9629,116.6663
2/27/2014,6.1284,91.7955,116.8763
2/28/2014,6.145,91.3642,116.344
3/3/2014,6.1462,89.8031,116.1178
3/4/2014,6.143,91.7364,116.288
3/5/2014,6.1282,91.5345,116.6784
3/6/2014,6.1185,91.0494,116.8752
3/7/2014,6.126,91.3568,116.4813
3/10/2014,6.1385,91.4171,116.3473
3/11/2014,6.1402,91.3965,116.3797
3/12/2014,6.145,91.3748,116.3698
3/13/2014,6.1361,90.9897,116.0848
3/14/2014,6.1502,91.0172,115.9235
3/17/2014,6.1781,89.2807,115.37
3/18/2014,6.192,91.0502,114.9873
3/19/2014,6.1965,91.2789,114.7976
3/20/2014,6.2275,92.0102,114.6604
3/21/2014,6.225,91.8608,114.7984
3/24/2014,6.1888,91.8983,115.2834
3/25/2014,6.2024,91.8188,114.9854
3/26/2014,6.2094,91.654,114.7609
3/27/2014,6.213,91.4537,114.7461
3/28/2014,6.2122,91.5844,114.8121
3/31/2014,6.218,91.4485,114.7505
4/1/2014,6.2069,91.3963,114.8287
4/2/2014,6.2056,91.5816,114.9143
4/3/2014,6.2107,91.8081,114.9932
4/4/2014,6.2123,91.5787,115.0402
4/8/2014,6.1968,90.8848,114.9218
4/9/2014,6.2005,90.7599,114.633
4/10/2014,6.2125,90.4931,114.1639
4/11/2014,6.2113,90.6428,114.1411
4/14/2014,6.2191,90.8872,114.1595
4/15/2014,6.222,90.9794,114.2158
4/16/2014,6.2214,91.1026,114.1947
4/17/2014,6.219,90.9923,114.1574
4/18/2014,6.2242,91.1464,114.1758
4/21/2014,6.2274,91.2265,114.1121
4/22/2014,6.2375,91.1714,113.9822
4/23/2014,6.2376,91.1792,113.9332
4/24/2014,6.2489,91.1204,113.7701
4/25/2014,6.2536,91.0939,113.7011
4/28/2014,6.253,91.0943,113.6038
4/29/2014,6.258,91.0296,113.6237
4/30/2014,6.2593,90.7438,113.7135
5/5/2014,6.2455,90.7011,113.6852
5/6/2014,6.2257,90.2774,113.8492
5/7/2014,6.2343,90.3421,113.5914
5/8/2014,6.228,90.3762,113.5955
5/9/2014,6.228,90.8435,113.7909
5/12/2014,6.2375,90.8559,113.866
5/13/2014,6.2291,91.0249,113.9803
5/14/2014,6.2289,90.9692,113.9935
5/15/2014,6.2306,90.959,114.0857
5/16/2014,6.2334,90.9419,113.8701
5/19/2014,6.2374,90.8548,113.7555
5/20/2014,6.2384,90.9984,113.8395
5/21/2014,6.2337,91.2363,113.8075
5/22/2014,6.235,91.1946,113.9172
5/23/2014,6.2365,91.2301,114.0405
5/26/2014,6.2392,89.5895,113.9512
5/27/2014,6.2486,91.2999,113.7664
5/28/2014,6.2556,91.368,113.7638
5/29/2014,6.2399,91.2063,114.0277
5/30/2014,6.2473,91.1929,113.9136
6/3/2014,6.2541,91.4616,114.0013
6/4/2014,6.2504,91.5515,114.1494
6/5/2014,6.2548,91.4733,114.0003
6/6/2014,6.2502,91.4197,113.8809
6/9/2014,6.2404,91.4915,114.0136
6/10/2014,6.225,91.6365,114.3992
6/11/2014,6.2279,91.4597,114.3968
6/12/2014,6.2185,91.293,114.5448
6/13/2014,6.2107,91.408,114.4885
6/16/2014,6.225,91.1476,114.4164
6/17/2014,6.2269,91.3285,114.3512
6/18/2014,6.2314,91.3175,114.3553
6/19/2014,6.2296,90.9516,113.9425
6/20/2014,6.226,90.9558,114.1612
6/23/2014,6.2266,90.8031,114.1362
6/24/2014,6.2315,90.9045,113.9434
6/25/2014,6.2344,90.6585,113.937
6/26/2014,6.2251,90.6662,113.9947
6/27/2014,6.2181,90.497,114.0014
6/30/2014,6.205,90.2545,114.2427
7/1/2014,6.2016,90.2028,114.5003
7/2/2014,6.2106,90.344,114.3621
7/3/2014,6.2129,90.4922,114.4497
7/4/2014,6.2043,88.8688,114.7814
7/7/2014,6.204,90.5523,114.8114
7/8/2014,6.2022,90.5081,114.7421
7/9/2014,6.1999,90.4145,114.7255
7/10/2014,6.2028,90.4688,114.5958
7/11/2014,6.2037,90.6529,114.5253
7/14/2014,6.2059,90.6414,114.5636
7/15/2014,6.208,90.865,114.6165
7/16/2014,6.2047,90.9629,114.8969
7/17/2014,6.2045,90.9331,114.9271
7/18/2014,6.208,90.9635,114.8817
7/21/2014,6.2089,90.9361,114.8593
7/22/2014,6.2037,91.1353,115.0477
7/23/2014,6.1983,91.1306,115.0815
7/24/2014,6.1949,91.1993,115.261
7/25/2014,6.1915,91.4958,115.4639
7/28/2014,6.1863,91.4234,115.6486
7/29/2014,6.1815,91.7232,115.7622
7/30/2014,6.1717,92.1031,116.1095
7/31/2014,6.1747,92.0147,116.2947
8/1/2014,6.1798,91.9468,116.3346
8/4/2014,6.1785,92.0002,116.1761
8/5/2014,6.1708,92.2991,116.3583
8/6/2014,6.1633,92.1794,116.6232
8/7/2014,6.1619,92.1161,116.6844
8/8/2014,6.1567,92.1492,116.6953
8/11/2014,6.1536,92.122,116.7231
8/12/2014,6.1583,92.228,116.7355
8/13/2014,6.1544,92.2486,116.8322
8/14/2014,6.1531,92.1522,116.8509
8/15/2014,6.147,92.0737,116.8381
8/18/2014,6.1437,92.1407,116.9155
8/19/2014,6.1418,92.4588,117.0866
8/20/2014,6.1413,92.6609,117.3703
8/21/2014,6.1514,92.7477,117.4066
8/22/2014,6.1529,92.9164,117.2347
8/25/2014,6.155,93.074,117.5333
8/26/2014,6.1523,93.0752,117.5177
8/27/2014,6.1432,92.8806,117.6904
8/28/2014,6.1446,92.8027,117.557
8/29/2014,6.1432,92.9154,117.7422
9/1/2014,6.1428,91.2482,117.9707
9/2/2014,6.1488,93.3703,118.0593
9/3/2014,6.1411,93.1867,118.1964
9/4/2014,6.1386,93.8837,118.1741
9/5/2014,6.1412,93.8542,118.6622
9/9/2014,6.137,94.6747,119.2992
9/10/2014,6.1299,94.5863,119.4692
9/11/2014,6.13,94.671,119.5074
9/12/2014,6.1346,94.7834,119.5866
9/15/2014,6.142,94.7286,119.6304
9/16/2014,6.1462,94.3942,119.5524
9/17/2014,6.1401,94.4484,119.4533
9/18/2014,6.1406,94.669,119.9724
9/19/2014,6.1405,95.0565,120.0563
9/22/2014,6.1404,95.1742,120.1652
9/23/2014,6.1378,95.2002,120.1149
9/24/2014,6.1346,95.5225,120.2256
9/25/2014,6.1363,95.7109,120.6785
9/26/2014,6.127,96.1822,120.8872
9/29/2014,6.1501,96.0776,120.9177
9/30/2014,6.1395,96.544,121.0321
10/8/2014,6.139,96.2721,119.3925
10/9/2014,6.1305,96.0879,119.0657
10/10/2014,6.1309,96.3376,119.6362
10/13/2014,6.1259,94.6096,119.544
10/14/2014,6.1247,96.4121,119.5714
10/15/2014,6.1259,96.0061,119.7605
10/16/2014,6.1231,95.7637,119.1881
10/17/2014,6.124,95.976,119.2901
10/20/2014,6.1229,95.9366,119.417
10/21/2014,6.1212,95.9571,119.2452
10/22/2014,6.1185,96.2822,119.6662
10/23/2014,6.1195,96.4586,119.9294
10/24/2014,6.1172,96.2721,120.1358
10/27/2014,6.1167,96.1943,119.9944
10/28/2014,6.1133,95.9114,120.0383
10/29/2014,6.1112,95.7516,120.0124
10/30/2014,6.1159,96.5462,120.6728
10/31/2014,6.1135,97.4596,120.9552
11/3/2014,6.1183,97.9749,121.5697
11/4/2014,6.1152,97.8852,121.8113
11/5/2014,6.1146,98.2323,122.1633
11/6/2014,6.1123,98.7169,122.3488
11/7/2014,6.1229,98.5027,122.9283
11/10/2014,6.1196,98.4445,122.2402
11/11/2014,6.1252,96.684,122.6519
11/12/2014,6.1262,98.2427,122.2834
11/13/2014,6.1248,98.4403,122.3867
11/14/2014,6.1307,98.3715,122.7151
11/17/2014,6.1241,98.571,122.5631
11/18/2014,6.1213,98.2989,122.7802
11/19/2014,6.1198,98.501,122.822
11/20/2014,6.1245,98.5247,122.8968
11/21/2014,6.1249,98.7086,122.6702
11/24/2014,6.1417,98.7845,122.5308
11/25/2014,6.1365,98.5679,122.5681
11/26/2014,6.1389,98.296,122.5923
11/27/2014,6.1392,96.539,122.5672
11/28/2014,6.145,99.2444,123.0925
12/1/2014,6.152,98.7226,123.3955
12/2/2014,6.1503,99.408,123.4283
12/3/2014,6.15,99.654,124.1146
12/4/2014,6.1546,99.2401,124.0197
12/5/2014,6.1502,100.0969,124.1339
12/10/2014,6.1768,99.4672,123.6472
12/11/2014,6.1886,99.8034,123.0318
12/12/2014,6.1869,99.3779,123.5085
12/15/2014,6.1912,99.6817,123.5685
12/17/2014,6.1975,99.9121,124.0206
12/18/2014,6.2163,100.3538,123.6116
12/19/2014,6.2202,100.7653,124.029
12/22/2014,6.2216,100.7832,123.5219
12/23/2014,6.226,101.1617,123.4824
12/24/2014,6.2163,101.071,123.7204
12/25/2014,6.1976,99.2653,123.7084
12/26/2014,6.2129,99.2653,123.59
12/29/2014,6.2218,101.1495,123.6045
12/30/2014,6.202,100.8703,123.8791
12/31/2014,6.204,101.2064,123.8728
1/5/2015,6.22,102.6059,124.9724
1/6/2015,6.213,102.4574,124.9937
1/7/2015,6.2125,103.2686,125.2339
1/8/2015,6.2145,103.1442,126.1869
1/9/2015,6.2086,103.0439,126.2209
1/12/2015,6.2036,103.1772,126.2272
1/13/2015,6.1983,103.404,126.4103
1/14/2015,6.1957,103.1161,126.376
1/15/2015,6.1881,103.142,126.7023
1/16/2015,6.2066,103.3726,126.5042
1/19/2015,6.2203,101.54,126.5724
1/20/2015,6.2142,103.7401,126.8365
1/21/2015,6.2115,104.2691,127.0041
1/22/2015,6.2095,104.9466,127.1163
1/23/2015,6.2288,105.6305,127.4407
1/26/2015,6.2542,105.7647,127.4965
1/27/2015,6.2435,105.3087,127.7084
1/28/2015,6.248,105.5695,127.3242
1/29/2015,6.2469,106.5137,127.8135
1/30/2015,6.251,106.6533,127.6532
2/2/2015,6.2597,106.1458,127.6357
2/3/2015,6.2581,105.3507,127.5961
2/4/2015,6.2477,105.686,127.2146
2/5/2015,6.2521,105.2207,127.404
2/6/2015,6.2447,106.08,126.9799
2/9/2015,6.2472,105.9251,127.4102
2/10/2015,6.2416,106.1767,127.5754
2/11/2015,6.2427,106.6835,127.8693
2/12/2015,6.2454,105.5528,127.9252
2/13/2015,6.2405,105.5187,127.3302
2/16/2015,6.2485,103.6419,127.1398
2/17/2015,6.2551,103.6315,127.2582
2/25/2015,6.2598,105.5784,127.0242
2/26/2015,6.2589,106.4746,126.5126
2/27/2015,6.2696,106.5802,127.024
3/2/2015,6.273,106.8022,127.1455
3/3/2015,6.2743,106.4142,127.1432
3/4/2015,6.2709,107.0818,127.2275
3/5/2015,6.2662,105.6732,127.7057
3/6/2015,6.2629,108.7983,127.9511
3/9/2015,6.2644,108.802,128.5395
3/10/2015,6.262,109.5453,129.0461
3/11/2015,6.2623,110.6105,129.4448
3/12/2015,6.2624,110.206,129.4846
3/13/2015,6.2595,111.0063,129.6929
3/16/2015,6.2624,110.6801,129.9401
3/17/2015,6.2499,110.6272,130.1284
3/18/2015,6.2294,110.4347,130.5928
3/19/2015,6.1961,110.4024,130.7003
3/20/2015,6.2062,108.977,130.4688
3/23/2015,6.216,108.0819,129.6582
3/24/2015,6.2053,108.164,129.0012
3/25/2015,6.2125,107.7748,128.8095
3/26/2015,6.2124,107.9738,128.2513
3/27/2015,6.2167,108.363,129.1558
3/30/2015,6.2077,109.1934,129.3783
3/31/2015,6.1996,109.4402,130.1352
4/1/2015,6.198,109.127,130.633
4/2/2015,6.197,108.6261,130.2007
4/3/2015,6.195,107.654,130.0555
4/7/2015,6.1983,108.5398,129.8788
4/8/2015,6.2032,108.5743,129.6325
4/9/2015,6.206,109.5995,130.0456
4/10/2015,6.208,110.0508,130.0189
4/13/2015,6.2167,110.1537,130.2712
4/14/2015,6.2118,109.1724,130.3368
4/15/2015,6.2052,109.2472,130.0826
4/16/2015,6.1967,107.9404,129.7936
4/17/2015,6.1978,107.795,129.051
4/20/2015,6.2015,107.8895,129.1452
4/21/2015,6.2016,108.0635,130.0306
4/22/2015,6.195,108.1739,129.7581
4/23/2015,6.198,107.5166,129.6974
4/24/2015,6.195,107.0775,128.7782
4/27/2015,6.2206,106.8125,128.6657
4/28/2015,6.2057,106.0934,128.7155
4/29/2015,6.1997,104.9549,128.2222
4/30/2015,6.2028,105.7635,127.3674
5/4/2015,6.209,105.9943,127.937
5/5/2015,6.2062,105.5267,128.2702
5/6/2015,6.2007,104.6322,127.5188
5/7/2015,6.2069,105.3027,127.0969
5/8/2015,6.2094,105.1796,127.4545
5/11/2015,6.2096,105.5671,127.6932
5/12/2015,6.2092,104.74,127.3543
5/13/2015,6.2044,103.9351,127.2377
5/14/2015,6.2012,104.062,126.6146
5/15/2015,6.2061,103.9365,126.6694
5/18/2015,6.2043,104.717,126.7846
5/19/2015,6.2066,105.9246,127.4019
5/20/2015,6.2038,106.2816,127.9941
5/21/2015,6.1968,105.9227,127.9092
5/22/2015,6.1976,106.7461,127.8649
5/25/2015,6.202,104.858,128.6424
5/26/2015,6.204,108.0253,129.0762
5/27/2015,6.2014,108.2722,129.2441
5/28/2015,6.2012,108.2325,129.6204
5/29/2015,6.1985,107.8572,129.6374
6/1/2015,6.1995,108.5802,129.8046
6/2/2015,6.1984,107.1617,129.8004
6/3/2015,6.1976,106.5491,129.0615
6/4/2015,6.201,106.7979,128.7307
6/5/2015,6.2034,107.7057,129.1284
6/8/2015,6.2056,106.9774,129.6429
6/9/2015,6.2057,106.2691,129.113
6/10/2015,6.2061,105.7583,128.446
6/11/2015,6.2065,106.3033,128.7687
6/12/2015,6.2081,105.9412,128.9382
6/15/2015,6.209,106.0935,128.8112
6/16/2015,6.2084,106.1548,128.5338
6/17/2015,6.2096,106.1295,128.5586
6/18/2015,6.2075,104.9065,127.7911
6/19/2015,6.2095,105.335,128.2191
6/24/2015,6.2071,106.6979,128.7075
6/25/2015,6.2094,106.3471,128.8168
6/26/2015,6.209,106.5802,128.7746
6/29/2015,6.2087,106.3085,129.2007
6/30/2015,6.201,106.6463,129.0414
7/1/2015,6.2011,107.3891,129.6457
7/2/2015,6.2049,107.4191,130.0286
7/3/2015,6.2057,105.52,129.8429
7/6/2015,6.2092,107.5821,129.9228
7/7/2015,6.21,108.5102,130.431
7/8/2015,6.2094,107.8753,130.2557
7/9/2015,6.2088,108.1458,130.1394
7/10/2015,6.2092,107.676,129.9806
7/13/2015,6.2084,108.3903,130.2201
7/14/2015,6.2089,108.2885,130.4332
7/15/2015,6.2092,109.0365,130.3825
7/16/2015,6.2095,109.3284,130.8336
7/17/2015,6.2095,109.7069,130.8687
7/20/2015,6.2097,109.7237,131.1447
7/21/2015,6.2096,109.3146,131.1877
7/22/2015,6.2095,109.6498,130.7912
7/23/2015,6.2095,109.3355,130.7039
7/24/2015,6.2095,109.4717,131.0427
7/27/2015,6.2095,108.6822,130.6584
7/28/2015,6.2094,108.7524,130.8756
7/29/2015,6.2091,108.8046,130.7929
7/30/2015,6.2096,109.692,131.109
7/31/2015,6.2097,109.1606,131.3709
8/3/2015,6.2097,109.7224,131.2732
8/4/2015,6.2096,109.6728,131.4111
8/5/2015,6.2096,110.3266,131.8226
8/6/2015,6.2097,110.092,131.9905
8/7/2015,6.2097,109.8771,131.7506
8/10/2015,6.2097,109.5499,131.7265
8/11/2015,6.3231,109.6742,129.3514
8/12/2015,6.387,108.3508,127.4946
8/13/2015,6.399,108.9191,127.3774
8/14/2015,6.3918,109.0173,127.5647
8/17/2015,6.3947,109.1902,127.7173
8/18/2015,6.3938,109.3249,127.7165
8/19/2015,6.3955,109.3724,127.7123
8/20/2015,6.389,108.4716,127.8449
8/21/2015,6.3887,107.8149,127.2966
8/24/2015,6.4044,106.7095,126.4277
8/25/2015,6.4124,107.8017,125.9874
8/26/2015,6.4105,107.9884,126.2176
8/27/2015,6.4053,108.6067,126.9737
8/28/2015,6.3885,109.1362,127.1433
8/31/2015,6.3763,108.9898,127.7826
9/1/2015,6.3645,108.4947,127.5996
9/2/2015,6.3559,108.9493,127.8967
9/7/2015,6.3659,107.4416,128.2854
9/8/2015,6.3672,108.8512,128.2736
9/9/2015,6.3778,109.1302,127.9287
9/10/2015,6.3772,108.6114,127.9733
9/11/2015,6.375,108.4732,127.6461
9/14/2015,6.3679,108.4258,127.4937
9/15/2015,6.37,108.7547,127.3509
9/16/2015,6.3709,108.2337,127.4803
9/17/2015,6.366,108.2767,127.3323
9/18/2015,6.3643,107.7481,126.8624
9/21/2015,6.3691,108.7865,127.3675
9/22/2015,6.376,109.2307,127.6674
9/23/2015,6.3839,109.3872,127.9165
9/24/2015,6.3828,109.0218,127.8668
9/25/2015,6.3744,109.4008,128.1465
9/28/2015,6.369,109.1899,128.0183
9/29/2015,6.3636,109.2777,128.0116
9/30/2015,6.3571,109.6236,128.4067
10/8/2015,6.3537,107.9648,125.6904
10/9/2015,6.3453,107.4568,125.5956
10/12/2015,6.323,105.5411,125.7674
10/13/2015,6.3429,107.4833,125.5345
10/14/2015,6.3477,107.0263,125.449
10/15/2015,6.346,106.735,124.9446
10/16/2015,6.3529,107.2482,125.1103
10/19/2015,6.3601,107.5463,125.0041
10/20/2015,6.3488,107.3645,125.3769
10/21/2015,6.3482,107.8091,125.5252
10/22/2015,6.3574,108.7015,125.5178
10/23/2015,6.35,109.5378,126.0682
10/26/2015,6.3529,109.2649,126.52
10/27/2015,6.3532,109.5208,126.5354
10/28/2015,6.3592,109.3052,126.7037
10/29/2015,6.3567,109.9139,127.0999
10/30/2015,6.3175,109.1712,127.588
11/2/2015,6.3379,109.2666,127.0729
11/3/2015,6.3366,109.7084,127.0503
11/4/2015,6.336,110.2577,127.3114
11/5/2015,6.3466,110.3791,127.438
11/6/2015,6.353,111.6302,127.4063
11/9/2015,6.3622,111.3754,128.0382
11/10/2015,6.3618,111.7341,128.0412
11/11/2015,6.3665,109.7484,127.8716
11/12/2015,6.3692,111.324,127.8146
11/13/2015,6.374,111.6185,127.797
11/16/2015,6.3724,111.7546,127.9366
11/17/2015,6.3786,112.06,128.1016
11/18/2015,6.3849,112.1475,127.8114
11/19/2015,6.384,111.2175,127.7442
11/20/2015,6.385,111.86,127.6332
11/23/2015,6.3896,112.2696,127.8491
11/24/2015,6.3895,111.8864,127.7076
11/25/2015,6.3892,112.0239,127.5324
11/26/2015,6.3896,110.0318,127.6743
11/27/2015,6.3952,112.4003,127.5773
11/30/2015,6.3981,112.4758,127.7287
12/1/2015,6.3986,112.2377,127.604
12/2/2015,6.3988,112.5844,127.5003
12/3/2015,6.3972,111.0036,127.8278
12/4/2015,6.402,110.974,126.6984
12/7/2015,6.4082,111.5989,126.8861
12/8/2015,6.4172,111.6661,126.7409
12/9/2015,6.428,110.9273,126.3837
12/10/2015,6.4378,110.992,125.79
12/11/2015,6.4553,110.9279,125.6261
12/14/2015,6.4591,110.9258,125.5726
12/15/2015,6.461,111.656,125.3018
12/16/2015,6.4733,111.7338,125.582
12/17/2015,6.4837,112.9915,125.7098
12/18/2015,6.4815,112.3107,125.9519
12/21/2015,6.4808,112.2584,125.705
12/22/2015,6.4788,111.9013,125.4984
12/23/2015,6.4778,112.149,125.4987
12/24/2015,6.4768,111.5972,125.1732
12/25/2015,6.4763,109.6017,125.0836
12/28/2015,6.488,111.6452,125.027
12/29/2015,6.4852,111.905,125.0211
12/30/2015,6.4902,111.9812,125.1516
12/31/2015,6.4936,112.1925,125.1043
1/4/2016,6.5172,112.7218,125.7601
1/5/2016,6.5199,113.0372,126.1503
1/6/2016,6.5575,113.1843,126.0643
1/7/2016,6.5939,112.6817,125.3176
1/8/2016,6.5888,112.7967,125.1408
1/11/2016,6.5822,112.8841,125.4826
1/12/2016,6.575,113.4561,125.694
1/13/2016,6.575,113.3409,125.9003
1/14/2016,6.5887,113.5838,125.5795
1/15/2016,6.5873,113.477,125.694
1/18/2016,6.5793,111.4281,126.0374
1/19/2016,6.5782,113.8812,125.9967
1/20/2016,6.5796,113.9276,125.7354
1/21/2016,6.5793,113.5573,126.2677
1/22/2016,6.5794,111.4054,126.1266
1/25/2016,6.5794,111.6396,125.943
1/26/2016,6.5797,111.0906,126.1996
1/27/2016,6.578,113.0649,125.9153
1/28/2016,6.5755,112.6671,125.8394
1/29/2016,6.5789,113.6576,125.7715
2/1/2016,6.5792,113.093,126.262
2/2/2016,6.5797,112.9708,126.2282
2/3/2016,6.5793,111.4087,126.4257
2/4/2016,6.5777,110.2931,125.4006
2/5/2016,6.5695,111.0956,125.4104
2/15/2016,6.4944,108.0059,126.413
2/16/2016,6.5136,110.7413,126.339
2/17/2016,6.5259,110.3499,126.4343
2/18/2016,6.5176,110.5451,126.4952
2/19/2016,6.5204,110.4088,126.5241
2/22/2016,6.5195,110.8281,126.715
2/23/2016,6.5264,111.0288,126.7335
2/24/2016,6.5326,110.918,126.9986
2/25/2016,6.534,110.6386,127.1088
2/26/2016,6.5372,111.2273,126.9134
2/29/2016,6.5472,111.2428,127.1597
3/1/2016,6.5472,111.1849,127.1313
3/2/2016,6.5515,111.1726,127.1257
3/3/2016,6.5428,110.4241,127.0707
3/4/2016,6.5218,109.9795,127.0837
3/7/2016,6.515,109.8576,126.94
3/8/2016,6.5055,109.8557,126.7524
3/9/2016,6.515,109.5401,126.7203
3/10/2016,6.5159,109.2512,126.7282
3/11/2016,6.4985,108.6966,126.4172
3/14/2016,6.495,109.283,126.3872
3/15/2016,6.5105,109.4681,126.19
3/16/2016,6.521,109.8196,126.3205
3/17/2016,6.493,107.1871,125.4555
3/18/2016,6.4727,107.2722,125.5924
3/21/2016,6.4858,107.7226,125.609
3/22/2016,6.4926,107.9852,125.6205
3/23/2016,6.4969,108.7835,125.7694
3/24/2016,6.5126,108.9964,125.8784
3/25/2016,6.5154,109.0494,125.8054
3/28/2016,6.516,108.5774,125.6984
3/29/2016,6.5115,108.5022,125.8414
3/30/2016,6.478,107.2928,125.4402
3/31/2016,6.4676,107.0344,125.6437
4/1/2016,6.4644,107.3427,125.7125
4/5/2016,6.4732,107.552,125.6998
4/6/2016,6.482,106.9631,125.6923
4/7/2016,6.4729,107.2368,125.783
4/8/2016,6.4753,106.774,125.7576
4/11/2016,6.47,106.3757,125.6393
4/12/2016,6.4592,106.2211,125.4886
4/13/2016,6.4678,106.7844,125.6678
4/14/2016,6.4875,107.0069,125.8466
4/15/2016,6.4816,106.821,125.8629
4/18/2016,6.4803,106.5562,125.9023
4/19/2016,6.4722,105.8771,125.7529
4/20/2016,6.4693,106.0658,125.7524
4/21/2016,6.4793,106.458,125.9133
4/22/2016,6.493,106.858,126.0321
4/25/2016,6.4969,106.5894,126.1424
4/26/2016,6.4935,106.1709,126.046
4/27/2016,6.4935,106.3171,125.9865
4/28/2016,6.4818,105.6887,125.8292
4/29/2016,6.4855,104.9916,125.4369
5/3/2016,6.4743,105.0874,124.8856
5/4/2016,6.5,105.818,125.3927
5/5/2016,6.5068,106.1288,125.4634
5/6/2016,6.5023,106.225,125.4457
5/9/2016,6.5068,106.735,125.6283
5/10/2016,6.5155,106.792,125.6505
5/11/2016,6.512,106.1312,125.6158
5/12/2016,6.5122,106.5096,125.374
5/13/2016,6.5202,107.196,125.4261
5/16/2016,6.5209,106.8778,125.4436
5/17/2016,6.5227,106.7666,125.3196
5/18/2016,6.5353,107.129,125.4341
5/19/2016,6.544,107.9048,125.5941
5/20/2016,6.5433,108.1646,125.5531
5/23/2016,6.5519,108.1934,125.5082
5/24/2016,6.5567,108.2103,125.623
5/25/2016,6.562,108.0662,125.541
5/26/2016,6.5619,107.6295,125.2124
5/27/2016,6.5597,107.9054,125.1986
5/30/2016,6.5825,105.9664,125.1751
5/31/2016,6.5846,108.3531,125.0144
6/1/2016,6.5821,108.1497,124.7912
6/2/2016,6.5792,108.0505,124.5521
6/3/2016,6.5855,106.6392,124.4857
6/6/2016,6.5648,106.4058,123.7178
6/7/2016,6.572,106.0961,123.6949
6/8/2016,6.5703,105.5757,123.5959
6/13/2016,6.5863,106.5032,123.6682
6/14/2016,6.5905,106.9566,123.61
6/15/2016,6.5883,106.944,123.5716
6/16/2016,6.584,107.4447,123.1298
6/17/2016,6.591,106.4778,122.9789
6/20/2016,6.5792,105.7454,122.5636
6/21/2016,6.5799,106.0073,122.456
6/22/2016,6.5807,105.8996,122.6467
6/23/2016,6.5778,105.4389,122.4338
6/24/2016,6.6148,107.4426,122.2867
6/27/2016,6.6393,108.5203,122.1859
6/28/2016,6.6487,108.5221,122.0045
6/29/2016,6.6464,107.8057,122.0225
6/30/2016,6.6433,108.431,122.05
7/1/2016,6.6582,107.6099,123.5472
7/4/2016,6.6636,105.6588,123.5298
7/5/2016,6.6695,108.1238,123.2066
7/6/2016,6.69,108.2692,123.0583
7/7/2016,6.683,108.2287,123.0612
7/8/2016,6.6881,108.5223,123.0148
7/11/2016,6.6879,108.8607,123.476
7/12/2016,6.685,108.525,123.2602
7/13/2016,6.6922,108.1988,123.3679
7/14/2016,6.6871,108.1234,123.2759
7/15/2016,6.6804,108.6577,123.2869
7/18/2016,6.6987,108.5696,123.308
7/19/2016,6.6893,109.1318,123.554
7/20/2016,6.678,109.2168,124.1386
7/21/2016,6.6783,109.0956,124.0748
7/22/2016,6.6704,109.752,124.2789
7/25/2016,6.6799,109.7361,124.5032
7/26/2016,6.6766,109.5228,124.2803
7/27/2016,6.6697,109.7235,124.6041
7/28/2016,6.6566,108.9367,124.3461
7/29/2016,6.6548,107.7836,124.4322
8/1/2016,6.639,107.9359,124.1209
8/2/2016,6.6389,107.3854,124.1197
8/3/2016,6.6308,107.6837,124.1297
8/4/2016,6.6392,107.8231,124.1401
8/5/2016,6.6452,108.5925,123.8644
8/8/2016,6.6624,108.707,123.9358
8/9/2016,6.6619,108.4061,123.9749
8/10/2016,6.643,107.8964,123.9081
8/11/2016,6.6415,107.8164,123.9069
8/12/2016,6.6446,107.6469,124.0175
8/15/2016,6.6406,107.5355,123.79
8/16/2016,6.626,106.8073,123.6055
8/17/2016,6.631,106.9617,123.5819
8/18/2016,6.6322,106.2319,123.2073
8/19/2016,6.65,106.6375,123.256
8/22/2016,6.6578,106.7819,123.2788
8/23/2016,6.6416,106.6631,123.3496
8/24/2016,6.651,106.9692,123.3166
8/25/2016,6.6535,106.9611,123.3028
8/26/2016,6.6688,107.2373,123.0634
8/29/2016,6.679,107.8696,123.5846
8/30/2016,6.68,108.2943,123.6441
8/31/2016,6.6783,108.4493,123.8933
9/1/2016,6.68,108.0498,123.8989
9/2/2016,6.68,108.043,123.8045
9/5/2016,6.6752,106.0839,123.6315
9/6/2016,6.6803,106.8986,123.578
9/7/2016,6.6641,107.0044,123.2446
9/8/2016,6.6639,107.1037,123.1643
9/9/2016,6.6799,107.7478,123.1305
9/12/2016,6.6799,107.6015,123.3438
9/13/2016,6.68,107.9364,123.3375
9/14/2016,6.6711,107.8535,123.8465
9/19/2016,6.6716,108.2763,123.855
9/20/2016,6.6711,108.4595,123.7686
9/21/2016,6.6713,108.2086,123.8787
9/22/2016,6.6693,107.4695,123.2364
9/23/2016,6.67,107.9669,123.4559
9/26/2016,6.6699,107.7217,123.4482
9/27/2016,6.6684,108.0807,123.3372
9/28/2016,6.6712,108.1251,123.46
9/29/2016,6.669,107.7281,123.5037
9/30/2016,6.67,107.7534,123.5867
10/10/2016,6.7028,107.4845,121.8667
10/11/2016,6.7148,109.944,121.9983
10/12/2016,6.7139,110.418,122.1815
10/13/2016,6.7299,110.0392,122.3156
10/14/2016,6.7255,110.204,122.2
10/17/2016,6.7396,110.0269,122.1257
10/18/2016,6.7393,109.8028,121.8434
10/19/2016,6.7393,109.876,121.7604
10/20/2016,6.7396,110.3728,121.8786
10/21/2016,6.7599,111.0362,121.8575
10/24/2016,6.7718,111.1137,121.667
10/25/2016,6.7778,111.0199,121.6463
10/26/2016,6.7686,110.9252,121.6737
10/27/2016,6.7778,111.2424,121.6185
10/28/2016,6.7795,111.1787,121.8227
10/31/2016,6.7708,110.9726,121.7711
11/1/2016,6.7744,110.4415,121.5735
11/2/2016,6.7613,109.8204,121.3231
11/3/2016,6.7608,109.7911,121.1713
11/4/2016,6.7591,109.6159,121.1751
11/7/2016,6.7758,110.2566,121.2394
11/8/2016,6.78,110.2336,121.0852
11/9/2016,6.7731,110.6545,120.9924
11/10/2016,6.7925,111.3588,121.4357
11/11/2016,6.8155,109.3344,121.5019
11/14/2016,6.8409,112.6273,121.7429
11/15/2016,6.853,112.505,121.472
11/16/2016,6.87,112.5141,121.5912
11/17/2016,6.87,112.8242,121.5108
11/18/2016,6.8912,113.5865,121.8997
11/21/2016,6.8956,113.3336,121.7406
11/22/2016,6.888,113.2836,121.6623
11/23/2016,6.8928,113.7941,121.7593
11/24/2016,6.9189,111.7365,121.915
11/25/2016,6.9151,113.7994,121.6037
11/28/2016,6.9022,113.5453,121.5521
11/29/2016,6.8914,113.3671,121.9373
11/30/2016,6.887,113.8483,121.9954
12/1/2016,6.8949,113.229,122.0466
12/2/2016,6.8818,112.8269,122.0019
12/5/2016,6.8861,112.5317,121.9302
12/6/2016,6.8762,112.5604,121.6428
12/7/2016,6.885,112.3332,121.7415
12/8/2016,6.8799,112.983,121.4603
12/9/2016,6.9005,113.3314,121.7677
12/12/2016,6.9152,112.9044,121.8082
12/13/2016,6.9015,112.6941,121.5505
12/14/2016,6.9049,112.5531,121.4943
12/15/2016,6.9354,115.3705,121.9883
12/16/2016,6.9547,114.6897,121.8888
12/19/2016,6.945,114.7828,121.9835
12/20/2016,6.9509,115.2309,122.3482
12/21/2016,6.9512,115.1192,122.2176
12/22/2016,6.9466,115.1792,122.1517
12/23/2016,6.9494,115.3944,122.1678
12/26/2016,6.9497,113.3116,122.0975
12/27/2016,6.9498,115.4407,122.1501
12/28/2016,6.9549,115.8129,122.0429
12/29/2016,6.9547,114.9739,121.9205
12/30/2016,6.9495,114.4547,121.83
1/3/2017,6.9557,115.3277,123.0326
1/4/2017,6.9485,114.5971,123.0698
1/5/2017,6.8817,113.4213,123.5023
1/6/2017,6.923,113.9039,122.6789
1/9/2017,6.9344,113.8689,122.9004
1/10/2017,6.9242,113.8225,122.6925
1/11/2017,6.9266,114.2782,122.7657
1/12/2017,6.9,112.8203,122.5003
1/13/2017,6.9,113.1923,122.5967
1/16/2017,6.8976,111.1411,122.7949
1/17/2017,6.8728,112.2019,122.7217
1/18/2017,6.8342,112.6599,123.1022
1/19/2017,6.876,113.5239,122.9769
1/20/2017,6.8752,111.472,122.8512
1/23/2017,6.8552,112.4046,122.7441
1/24/2017,6.857,112.1032,122.5528
1/25/2017,6.8796,111.8554,122.2558
1/26/2017,6.878,112.4305,122.1444
2/3/2017,6.874,111.3359,122.0571
2/6/2017,6.8637,111.9322,122.0511
2/7/2017,6.8815,112.1859,122.1005
2/8/2017,6.878,111.9494,122.1579
2/9/2017,6.8672,112.4026,122.2665
2/10/2017,6.8814,112.2698,122.2931
2/13/2017,6.8793,112.5637,122.1868
2/14/2017,6.8674,112.8479,122.3047
2/15/2017,6.8672,112.6847,122.6276
2/16/2017,6.8585,112.1996,122.4679
2/17/2017,6.8709,112.5514,122.2741
2/20/2017,6.8782,110.5164,122.2781
2/21/2017,6.8826,112.9758,122.3716
2/22/2017,6.878,113.0729,122.4764
2/23/2017,6.8774,112.5208,122.3067
2/24/2017,6.8718,112.5439,122.1219
2/27/2017,6.8714,112.3378,122.278
2/28/2017,6.8689,112.7492,122.2857
3/1/2017,6.88,113.5662,122.5878
3/2/2017,6.882,114.0947,122.6666
3/3/2017,6.898,114.0613,122.701
3/6/2017,6.8929,113.8001,122.3751
3/7/2017,6.8987,113.8666,122.3129
3/8/2017,6.907,114.3467,122.3425
3/9/2017,6.9085,114.2476,122.5041
3/10/2017,6.9157,113.8521,122.4203
3/13/2017,6.9092,113.619,122.056
3/14/2017,6.9131,113.8213,122.2051
3/15/2017,6.9121,113.8003,122.1187
3/16/2017,6.8978,112.5457,121.7071
3/17/2017,6.9085,112.6074,121.3657
3/20/2017,6.9043,112.5093,121.0955
3/21/2017,6.8977,111.9813,121.2429
3/22/2017,6.8871,111.9717,121.2569
3/23/2017,6.8875,111.9778,121.2438
3/24/2017,6.8876,112.0224,121.2408
3/27/2017,6.8764,111.4874,120.9867
3/28/2017,6.8858,111.6873,120.9409
3/29/2017,6.8897,112.3282,121.124
3/30/2017,6.8905,112.1944,121.2181
3/31/2017,6.8915,112.4021,121.4004
4/5/2017,6.8965,112.8485,121.2299
4/6/2017,6.901,112.878,121.3053
4/7/2017,6.8993,113.0759,121.3712
4/10/2017,6.9052,113.0223,121.6895
4/11/2017,6.903,112.7251,121.5559
4/12/2017,6.8922,112.6114,121.4785
4/13/2017,6.8825,112.3381,121.2632
4/14/2017,6.8869,112.386,121.2587
4/17/2017,6.8876,112.0462,121.2352
4/18/2017,6.8852,111.9147,121.3212
4/19/2017,6.8873,112.2109,121.0602
4/20/2017,6.8835,111.995,120.9798
4/21/2017,6.8838,112.3409,121.1036
4/24/2017,6.8864,111.8154,120.7454
4/25/2017,6.8863,111.735,120.7113
4/26/2017,6.8908,112.0924,120.7445
4/27/2017,6.8922,112.1998,120.768
4/28/2017,6.8973,112.0722,120.7539
5/2/2017,6.8965,112.2314,120.756
5/3/2017,6.8917,112.1791,120.8283
5/4/2017,6.8968,112.1456,120.9428
5/5/2017,6.9,111.8634,120.7166
5/8/2017,6.9033,112.2787,120.6148
5/9/2017,6.9057,112.7558,120.9447
5/10/2017,6.904,112.5951,121.0452
5/11/2017,6.9035,112.7069,121.0707
5/12/2017,6.9027,112.4312,121.0335
5/15/2017,6.8976,112.0167,120.7736
5/16/2017,6.8897,111.4294,120.5603
5/17/2017,6.891,110.8908,120.3385
5/18/2017,6.8903,110.7563,120.1373
5/19/2017,6.8926,110.4339,120.114
5/22/2017,6.8924,110.1237,119.9581
5/23/2017,6.8897,110.325,119.7457
5/24/2017,6.8909,110.4484,119.9757
5/25/2017,6.8678,110.196,120.0658
5/26/2017,6.861,110.503,120.2313
5/31/2017,6.821,110.1299,121.0912
6/1/2017,6.8061,110.3018,121.328
6/2/2017,6.8162,109.9618,121.2003
6/5/2017,6.8014,109.9675,121.1231
6/6/2017,6.7968,109.6648,121.0936
6/7/2017,6.794,109.9153,121.1232
6/8/2017,6.7938,110.0339,121.2066
6/9/2017,6.7988,110.2755,121.4881
6/12/2017,6.7981,110.2035,121.3821
6/13/2017,6.7981,109.7045,121.37
6/14/2017,6.797,109.0855,121.3079
6/15/2017,6.7975,110.0694,121.3438
6/16/2017,6.8139,109.7768,121.368
6/19/2017,6.817,109.9411,121.2199
6/20/2017,6.8265,110.386,121.2475
6/21/2017,6.829,110.417,121.5193
6/22/2017,6.8307,110.1668,121.3538
6/23/2017,6.8387,109.9268,121.1047
6/26/2017,6.8378,109.873,121.0748
6/27/2017,6.8101,109.3725,121.2927
6/28/2017,6.7992,108.6156,121.3321
6/29/2017,6.7787,108.2557,121.4526
6/30/2017,6.7796,108.228,121.4396
7/3/2017,6.7897,108.6306,121.2903
7/4/2017,6.7999,106.67,121.3462
7/5/2017,6.7993,108.7843,121.4579
7/6/2017,6.8037,108.3271,121.34
7/7/2017,6.7995,108.4073,121.3536
7/10/2017,6.8019,108.4405,121.3711
7/11/2017,6.8,108.4523,121.4475
7/12/2017,6.7875,107.9591,121.3702
7/13/2017,6.7817,107.9735,121.3454
7/14/2017,6.7741,107.2391,121.2918
7/17/2017,6.7699,107.2283,121.1552
7/18/2017,6.758,106.6281,121.0535
7/19/2017,6.7556,106.6415,121.0795
7/20/2017,6.7688,106.227,120.9232
7/21/2017,6.7681,106.0079,120.4159
7/24/2017,6.7505,105.9106,120.5562
7/25/2017,6.7512,105.9013,120.6258
7/26/2017,6.7545,106.1022,120.7497
7/27/2017,6.7376,106.0298,120.5377
7/28/2017,6.7429,105.3161,120.6446
7/31/2017,6.729,105.0471,120.7576
8/1/2017,6.7194,105.2556,120.5393
8/2/2017,6.7219,105.0522,120.6249
8/3/2017,6.7233,105.0918,120.6935
8/4/2017,6.7181,105.9129,120.5899
8/7/2017,6.7182,105.9259,120.9756
8/8/2017,6.7035,106.1591,121.1488
8/9/2017,6.6776,106.0263,121.8448
8/10/2017,6.661,105.9208,122.2127
8/11/2017,6.6668,105.6145,121.9975
8/14/2017,6.6687,105.8462,121.9197
8/15/2017,6.6771,106.3642,121.9522
8/16/2017,6.6955,106.4387,121.9054
8/17/2017,6.6731,105.9638,121.9465
8/18/2017,6.6785,105.7347,121.7943
8/21/2017,6.6702,105.3934,121.8524
8/22/2017,6.6605,105.6706,121.9781
8/23/2017,6.6636,105.5437,121.9346
8/24/2017,6.66,105.4681,121.905
8/25/2017,6.6645,105.0003,121.8779
8/28/2017,6.6323,104.5834,121.9223
8/29/2017,6.5975,104.3752,122.1797
8/30/2017,6.5927,105.1639,122.759
8/31/2017,6.5969,105.0862,122.9516
9/1/2017,6.5679,104.7289,123.2243
9/4/2017,6.52,102.8214,123.9482
9/5/2017,6.5516,104.3523,123.5515
9/6/2017,6.5246,103.797,123.7023
9/7/2017,6.4972,103.2177,124.0031
9/8/2017,6.4617,102.9656,124.3142
9/11/2017,6.5239,103.5022,123.2594
9/12/2017,6.535,103.5867,123.3202
9/13/2017,6.5309,104.0911,123.3281
9/14/2017,6.5543,104.0361,123.2397
9/15/2017,6.5442,103.548,123.3209
9/18/2017,6.5618,103.9269,122.9436
9/19/2017,6.5859,103.8138,122.563
9/20/2017,6.5742,103.6979,122.5553
9/21/2017,6.5934,104.2015,122.7219
9/22/2017,6.5922,104.0581,122.4521
9/25/2017,6.6205,104.5887,122.2346
9/26/2017,6.6305,105.0814,122.3428
9/27/2017,6.635,105.343,122.636
9/28/2017,6.6699,105.3614,122.0253
9/29/2017,6.647,105.3302,122.227
10/9/2017,6.6285,104.1446,123.165
10/10/2017,6.5861,105.4736,123.6172
10/11/2017,6.5887,105.3858,123.4827
10/12/2017,6.5888,105.3542,123.1073
10/13/2017,6.5868,105.2208,123.1365
10/16/2017,6.5912,105.3939,123.1059
10/17/2017,6.616,105.8959,122.7622
10/18/2017,6.6205,105.6816,122.8409
10/19/2017,6.6277,105.38,122.6472
10/20/2017,6.62,106.1428,122.873
10/23/2017,6.6398,106.247,122.7841
10/24/2017,6.6332,106.4008,122.7719
10/25/2017,6.6408,106.498,122.7148
10/26/2017,6.6357,107.0232,122.695
10/27/2017,6.6528,107.6864,123.0118
10/30/2017,6.6476,107.2688,122.9472
10/31/2017,6.6272,107.3019,123.0874
11/1/2017,6.6161,107.5009,123.3539
11/2/2017,6.6063,107.2186,123.5203
11/3/2017,6.6295,107.4283,123.2179
11/6/2017,6.6339,107.2827,123.1854
11/7/2017,6.6324,107.4965,123.2158
11/8/2017,6.6343,107.2821,123.1242
11/9/2017,6.6391,106.9294,123.0709
11/10/2017,6.64,104.9902,122.9498
11/13/2017,6.6422,107.0889,122.9845
11/14/2017,6.6431,106.6271,122.9285
11/15/2017,6.6298,106.5866,122.6617
11/16/2017,6.6327,106.496,122.6825
11/17/2017,6.6353,106.3715,122.4894
11/20/2017,6.63,106.6784,122.4931
11/21/2017,6.6337,106.5952,122.5187
11/22/2017,6.6159,106.1214,122.6182
11/23/2017,6.5823,104.197,122.6187
11/24/2017,6.6037,105.4603,122.262
11/27/2017,6.5979,105.5918,122.1012
11/28/2017,6.5949,105.9629,122.2594
11/29/2017,6.5988,106.0608,122.2678
11/30/2017,6.6107,106.0121,122.2495
12/1/2017,6.6065,105.4393,122.083
12/4/2017,6.6187,105.8548,122.0995
12/5/2017,6.6131,105.9409,122.1553
12/6/2017,6.615,106.3303,122.2866
12/7/2017,6.6155,106.4611,122.4434
12/8/2017,6.6175,106.8168,122.6335
12/11/2017,6.6173,106.5739,122.5339
12/12/2017,6.6212,107.0062,122.4852
12/13/2017,6.6203,106.717,122.6056
12/14/2017,6.6088,106.4386,122.3513
12/15/2017,6.6084,106.5776,122.3467
12/18/2017,6.617,106.3518,122.4222
12/19/2017,6.6075,106.5099,122.4278
12/20/2017,6.5798,106.1622,122.8819
12/21/2017,6.5858,105.9495,122.7701
12/22/2017,6.5687,106.1097,122.9375
12/25/2017,6.5404,104.1886,123.1872
12/26/2017,6.544,105.8513,123.3029
12/27/2017,6.5555,105.5777,123.0155
12/28/2017,6.5348,105.108,123.1144
12/29/2017,6.512,104.5852,123.4273